{
 "labelsOn": true,
 "refreshRate": 2000,
 "labelColor": [
  0.8274509803921568,
  0.8431372549019608,
  0.8117647058823529,
  1
 ],
 "backgroundColor": [
  1,
  1,
  1,
  0.1
 ],
 "cpu": {
  "enabled": true,
  "width": 40,
  "colors": [
   [
    0.9882352941176471,
    0.9137254901960784,
    0.30980392156862746,
    1
   ],
   [
    0.5411764705882353,
    0.8862745098039215,
    0.20392156862745098,
    1
   ],
   [
    0.4470588235294118,
    0.6235294117647059,
    0.8117647058823529,
    1
   ],
   [
    0.6784313725490196,
    0.4980392156862745,
    0.6588235294117647,
    1
   ]
  ]
 },
 "mem": {
  "enabled": true,
  "width": 40,
  "colors": [
   [
    0.9372549019607843,
    0.1607843137254902,
    0.1607843137254902,
    1
   ],
   [
    0.9882352941176471,
    0.9137254901960784,
    0.30980392156862746,
    1
   ],
   [
    0.5411764705882353,
    0.8862745098039215,
    0.20392156862745098,
    1
   ],
   [
    0.4470588235294118,
    0.6235294117647059,
    0.8117647058823529,
    1
   ]
  ],
  "swapcolors": [
   [
    0.9882352941176471,
    0.6862745098039216,
    0.24313725490196078,
    1
   ]
  ]
 },
 "net": {
  "enabled": true,
  "autoscale": true,
  "logscale": true,
  "width": 40,
  "devices": [
   {
    "id": "wlo1",
    "enabled": true,
    "show": 4,
    "colors": [
     [
      0.5411764705882353,
      0.8862745098039215,
      0.20392156862745098,
      1
     ],
     [
      0.4470588235294118,
      0.6235294117647059,
      0.8117647058823529,
      1
     ]
    ],
    "up": 7876,
    "down": 99362,
    "tooltipUp": 0,
    "tooltipDown": 0,
    "lastReading": [
     0,
     0
    ],
    "readingRatesList": []
   },
   {
    "id": "enp0s25",
    "enabled": true,
    "show": 4,
    "colors": [
     [
      0.9372549019607843,
      0.1607843137254902,
      0.1607843137254902,
      1
     ],
     [
      0.9882352941176471,
      0.6862745098039216,
      0.24313725490196078,
      1
     ]
    ],
    "up": 6783,
    "down": 112590,
    "tooltipUp": 0,
    "tooltipDown": 0,
    "lastReading": [
     0,
     0
    ],
    "readingRatesList": []
   },
   {
    "id": "lo",
    "enabled": false,
    "show": true,
    "colors": [
     [
      1,
      1,
      1,
      0.8
     ],
     [
      0,
      0,
      0,
      0.6
     ]
    ]
   }
  ]
 },
 "disk": {
  "enabled": true,
  "autoscale": true,
  "logscale": true,
  "width": 40,
  "devices": [
   {
    "id": "/",
    "enabled": true,
    "show": 4,
    "colors": [
     [
      0.5411764705882353,
      0.8862745098039215,
      0.20392156862745098,
      1
     ],
     [
      0.4470588235294118,
      0.6235294117647059,
      0.8117647058823529,
      1
     ]
    ],
    "path": "/",
    "read": 3603308544,
    "write": 152862720,
    "lastReading": [
     0,
     0
    ],
    "readingRatesList": []
   },
   {
    "id": "BACKUP_6TB",
    "enabled": false,
    "show": true,
    "colors": [
     [
      1,
      1,
      1,
      0.8
     ],
     [
      0,
      0,
      0,
      0.6
     ]
    ]
   }
  ]
 }
}